1,''Harriet'',''O'Casey'',''4088 Ottumwa Way'',NULL,''Mentira'',''IL'',''61788'',''(303)417-4438'',''harrieto@com.net'',
2,''John'',''Grainger'',''2256 North Santa Fe Drive'',NULL,''Iliase'',''MD'',''23456'',''(303)444-4475 '',''johnny@com.net'',
3,''Steve'',''Snider'',''39430 Big Rock Road'',NULL,''Flame Throw'',''TN'',''59012'',''(717)420-1212'',''snidley@com.net'',
4,''David'',''Stocking'',''291 Gorgonzola'',"""A""",''Cleo'',''KS'',''81029'',''(616)410-2990'',''stockingfeet@com.net'',
5,''Frank'',''Wheeler'',''2225 Iola Avenue'',NULL,''Catuchi'',''PA'',''56231'',''(303)414-0404'',''fwheeler@com.net'',
6,''Brittany'',''Fox'',''297 Gorgonzola'',"""B""",''Cleo'',''KS'',''81029'',''(616)410-2942'',''bfoxy@com.net'',
7,''Fran'',''McCoy'',''1440 Manchester Way'',NULL,''Mountain View'',''CO'',''87757'',''(303)477-8787'',''franm@com.net'',
8,''Joan'',''Thomas'',''667438 East 91st Street'',NULL,''Baseboard'',''PA'',''56987'',''(616)684-9385'',''joanie@com.net'',
9,''Ted'',''Stiggle'',''12920 Industrial Workers'',NULL,''Scraggy View'',''CO'',''82191'',''(303)421-1410'',NULL,
10,''Dean'',''Farrell'',''121 Highway 80'',NULL,''Excelsior'',''MD'',''23498'',''(717)483-3111'',''farrelld@com.net'',
11,''Marsha'',''Waltz'',''1900 Industrial Way'',NULL,''Fargone'',''NC'',''41923'',''(215)419-2349'',''waltzer@com.net'',
12,''Janet'',''Logan'',''860 Charleston Street'',NULL,''Oxalys'',''NY'',''54133'',''(303)441-1321'',''janetlogan@com.net'',
13,''Linda'',''Paloma'',''1928 Highway 12'',NULL,''Portugal'',''NC'',''82394'',''(317)423-9417'',''palomal@com.net'',
14,''Greg'',''Hansen'',''6065 Rainbow Falls Road'',NULL,''Roselle'',''PA'',''57203'',''(505)472-0398'',''greghansen@com.net'',
15,''Pat'',''Carroll'',''4018 Landers Lane'',NULL,''Lafayette'',''OH'',''34548'',''(303)476-2718'',''pcarroll@com.net'',
16,''Bee'',''Wolf'',''1775 Bear Trail'',NULL,''Outcroppin'',''WY'',''74345'',''(404)443-4863'',''beew@com.net'',
17,''Scott'',''Krumple'',''580 East Main Street'',NULL,''La Garita'',''CO'',''88413'',''(303)444-1324'',NULL,
18,''Elliot'',''Harvey'',''34 Kerry Drive'',NULL,''El Mano'',''MD'',''23646'',''(505)406-4647'',NULL,
19,''Carrie'',''Zygote'',''8607 Ferndale Street'',NULL,''Montgomery'',''AL'',''60631'',''(303)406-3104'',''carriez@com.net'',
20,''Abbie'',''Loftus'',''8077 Montana Place'',NULL,''Big Fish'',''MT'',''86505'',''(606)468-0858'',''aloftus@com.net'',
21,''Micah'',''Dowenger'',''1515 Elliot Way'',NULL,''Asheville'',''NC'',''28801'',''(828)121-6445'',''mdowenger@com.net'',
