1,''Sandy'',''Claus'',''123 North Pole Drive'',NULL,''Snowshoe'',''PA'',''23987'',''(404)678-0909'',''sandyclaus@com.net''
2,''Richard'',''Compote'',''645 Snowpass Road'',NULL,''Plymouth'',''MD'',''48170'',''(413)555-9876'',''richc@com.net''
3,''Lucille'',''Livingood'',''63 Park Avenue'',NULL,''New York'',''NY'',''12340'',''(007)555-3636'',''livingood@com.net''
4,''Charles'',''Brown'',''8706 Main Street'',NULL,''Snowshoe'',''CO'',''48000'',''(303)555-1236'',''charlie@com.net''
5,''Jack'',''Jackson'',''469 Carriage Hill Drive'',NULL,''Hampton'',''OH'',''48009'',''(713)555-3872'',''jacks@com.net''
6,''Barbie'',''Beckwith'',''9010 Upper Crust Way'',NULL,''Littleton'',''NY'',''20127'',''(007)555-9999'',''babs@com.net''
7,''Barney'',''Rubble'',''1616 Stonehenge'',NULL,''Granite'',''CO'',''80234'',''(720)555-1456'',''rockhead@com.net''
8,''Fred'',''Flintstone'',''26 Quarry Drive'',NULL,''Granite'',''CO'',''80234'',''(720)555-7676'',''freddie@com.net''
9,''Larry'',''Lizard'',''908 Green Mountain Road'',NULL,''Green Mountain'',''UT'',''23987'',''(765)555-4392'',''lizard@com.net''
10,''Gwen'',''Grizzlie'',''56231 Bear Lane'',NULL,''Bear Lake'',''MD'',''23123'',''(413)678-9808'',''griz@com.net''
11,''Charles'',''Johnson'',''878 Fort Road'',NULL,''Pittsburg'',''PA'',''23706'',''(404)555-8877'',''charlie@com.net''
12,''Robert'',''Smith'',''5223 Mountain Lane'',NULL,''Ft. Morgan'',''WV'',''34665'',''(505)555-1456'',''bobbys@com.net''
13,''Luke'',''Taylors'',''375 Windward Way'',NULL,''Asheville'',''NC'',''28801'',''(828)445-9776'',''luket@com.net''
