1,2,''SandsOV3BR'',''Sands'',''207'',''OceanView'',3,''Yes'',''Yes''
2,1,''SandsOF3BR'',''Sands'',''301'',''OceanFront'',3,''Yes'',''Yes''
3,5,''SandsOF2BR'',''Sands'',''317'',''OceanFront'',2,''No'',''Yes''
4,8,''SandsOF2BR'',''Sands'',''409'',''OceanFront'',2,''Yes'',''Yes''
5,11,''SandsOV2BR'',''Sands'',''656'',''OceanView'',2,''Yes'',''No''
6,12,''SandsOF3BR'',''Sands'',''942'',''OceanFront'',3,''No'',''No''
7,7,''SandsOV2BR'',''Sands'',''1010'',''OceanView'',2,''No'',''No''
8,6,''Tides2BR'',''Tides'',''110'',''Resort'',2,''No'',''Yes''
9,9,''Tides2BR'',''Tides'',''505'',''Resort'',2,''Yes'',''No''
10,13,''Tides3BR'',''Tides'',''517'',''Resort'',3,''Yes'',''Yes''
11,10,''Tides3BR'',''Tides'',''1005'',''Resort'',3,''Yes'',''Yes''
12,3,''Tides3BR'',''Tides'',''1100'',''Resort'',3,''No'',''No''
13,4,''Tides3BR'',''Tides'',''1201'',''Resort'',3,''No'',''Yes''
